PlayerId,GameGroupName,GameName,BetQuantity,BetAmount,PurchaseTime,Purchasedate
723713783,Lucky 3,Lucky3 Morning ,1,50,1/6/2020 2:29,1/6/2020
721207941,Lucky 3,Lucky3 Morning ,1,200,1/6/2020 5:46,1/6/2020
722276226,KENNO,MON KENNO,1,50,1/6/2020 6:37,1/6/2020
722508537,KENNO,MON KENNO,1,50,1/6/2020 6:41,1/6/2020
727445330,Lucky 3,Lucky3 Morning ,1,50,1/6/2020 7:16,1/6/2020
721558753,KENNO,MON KENNO,1,50,1/6/2020 7:16,1/6/2020
724408073,KENNO,MON KENNO,1,50,1/6/2020 8:09,1/6/2020
724408073,Lucky 3,Lucky3 Morning ,1,50,1/6/2020 8:11,1/6/2020
724379667,Lucky 3,Lucky3 Morning ,1,50,1/6/2020 8:12,1/6/2020
723794134,KENNO,MON KENNO,1,50,1/6/2020 8:41,1/6/2020
720464768,Lucky 3,Lucky3 Morning ,1,50,1/6/2020 9:25,1/6/2020
720464768,Lucky 3,Lucky3 Morning ,1,100,1/6/2020 9:29,1/6/2020
720464768,Lucky 3,Lucky3 Morning ,1,50,1/6/2020 9:34,1/6/2020
726808291,KENNO,MON KENNO,4,200,1/6/2020 10:52,1/6/2020
722348817,Lucky 3,Lucky3 Lunch,1,200,1/6/2020 10:56,1/6/2020
746378879,KENNO,MON KENNO,1,50,1/6/2020 11:06,1/6/2020
711809054,KENNO,MON KENNO,1,50,1/6/2020 11:23,1/6/2020
711809054,Lucky 3,Lucky3 Lunch,1,50,1/6/2020 11:24,1/6/2020
720464768,Lucky 3,Lucky3 Lunch,1,50,1/6/2020 12:01,1/6/2020
728041667,KENNO,MON KENNO,1,50,1/6/2020 12:07,1/6/2020
720464768,Lucky 3,Lucky3 Lunch,1,50,1/6/2020 12:15,1/6/2020
722511805,Lucky 3,Lucky3 Lunch,1,100,1/6/2020 12:21,1/6/2020
722511805,KENNO,MON KENNO,2,100,1/6/2020 12:22,1/6/2020
740325305,KENNO,MON KENNO,1,50,1/6/2020 12:30,1/6/2020
740325305,Lucky 3,Lucky3 Lunch,1,50,1/6/2020 12:32,1/6/2020
720464768,Lucky 3,Lucky3 Lunch,1,50,1/6/2020 12:32,1/6/2020
723316738,Lucky 3,Lucky3 Lunch,1,50,1/6/2020 12:47,1/6/2020
721488672,Lucky 3,Lucky3 Lunch,1,200,1/6/2020 12:49,1/6/2020
721488672,Lucky 3,Lucky3 Lunch,1,140,1/6/2020 12:51,1/6/2020
721258912,Lucky 3,Lucky3 Evening,1,350,1/6/2020 12:59,1/6/2020
722821055,KENNO,MON KENNO,1,50,1/6/2020 13:03,1/6/2020
725386300,Lucky 3,Lucky3 Evening,1,50,1/6/2020 13:04,1/6/2020
722821055,Lucky 3,Lucky3 Evening,1,50,1/6/2020 13:07,1/6/2020
722821055,KENNO,MON KENNO,1,50,1/6/2020 13:14,1/6/2020
722821323,Lucky 3,Lucky3 Evening,1,200,1/6/2020 13:24,1/6/2020
724484981,KENNO,MON KENNO,2,100,1/6/2020 13:31,1/6/2020
720020434,KENNO,MON KENNO,1,50,1/6/2020 13:47,1/6/2020
720020434,Lucky 3,Lucky3 Evening,1,50,1/6/2020 13:48,1/6/2020
721556460,KENNO,MON KENNO,1,50,1/6/2020 13:53,1/6/2020
721488672,Lucky 3,Lucky3 Evening,1,120,1/6/2020 14:04,1/6/2020
722239366,KENNO,MON KENNO,1,50,1/6/2020 14:12,1/6/2020
725386300,KENNO,MON KENNO,1,50,1/6/2020 14:29,1/6/2020
723713783,Lucky 3,Lucky3 Evening,1,50,1/6/2020 14:57,1/6/2020
721488672,KENNO,MON KENNO,2,100,1/6/2020 15:14,1/6/2020
722723106,KENNO,MON KENNO,1,50,1/6/2020 15:16,1/6/2020
722723106,KENNO,MON KENNO,2,100,1/6/2020 15:19,1/6/2020
720464768,KENNO,MON KENNO,2,100,1/6/2020 15:20,1/6/2020
722723106,KENNO,MON KENNO,1,50,1/6/2020 15:20,1/6/2020
793898356,Lucky 3,Lucky3 Evening,1,30,1/6/2020 15:21,1/6/2020
722723106,KENNO,MON KENNO,2,100,1/6/2020 15:23,1/6/2020
722723106,KENNO,MON KENNO,1,50,1/6/2020 15:24,1/6/2020
722723106,KENNO,MON KENNO,1,50,1/6/2020 15:26,1/6/2020
722723106,KENNO,MON KENNO,1,50,1/6/2020 15:27,1/6/2020
722723106,KENNO,MON KENNO,1,50,1/6/2020 15:28,1/6/2020
720464768,Lucky 3,Lucky3 Evening,1,50,1/6/2020 15:30,1/6/2020
793898356,Lucky 3,Lucky3 Evening,1,20,1/6/2020 15:33,1/6/2020
722513834,KENNO,MON KENNO,1,50,1/6/2020 15:34,1/6/2020
720464768,Lucky 3,Lucky3 Evening,1,50,1/6/2020 15:36,1/6/2020
793898356,Lucky 3,Lucky3 Evening,1,20,1/6/2020 15:44,1/6/2020
726788774,KENNO,MON KENNO,1,50,1/6/2020 15:46,1/6/2020
725386300,Lucky 3,Lucky3 Morning ,1,50,2/6/2020 6:03,2/6/2020
721558753,KENNO,TUE KENNO,1,50,2/6/2020 7:17,2/6/2020
729905524,Lucky 3,Lucky3 Morning ,1,100,2/6/2020 7:57,2/6/2020
727359338,Lucky 3,Lucky3 Morning ,1,50,2/6/2020 8:05,2/6/2020
727359338,KENNO,TUE KENNO,3,150,2/6/2020 8:23,2/6/2020
742587724,Lucky 3,Lucky3 Morning ,1,50,2/6/2020 8:26,2/6/2020
723751358,KENNO,TUE KENNO,1,50,2/6/2020 8:33,2/6/2020
720464768,Lucky 3,Lucky3 Morning ,1,50,2/6/2020 8:35,2/6/2020
722386010,KENNO,TUE KENNO,1,50,2/6/2020 8:58,2/6/2020
724408073,KENNO,TUE KENNO,1,50,2/6/2020 9:06,2/6/2020
724408073,Lucky 3,Lucky3 Morning ,1,50,2/6/2020 9:09,2/6/2020
720464768,Lucky 3,Lucky3 Morning ,1,50,2/6/2020 9:09,2/6/2020
725720746,Lucky 3,Lucky3 Morning ,1,50,2/6/2020 9:14,2/6/2020
720464768,Lucky 3,Lucky3 Morning ,1,50,2/6/2020 9:30,2/6/2020
721160251,Lucky 3,Lucky3 Morning ,1,50,2/6/2020 9:42,2/6/2020
725629500,Lucky 3,Lucky3 Morning ,1,100,2/6/2020 9:43,2/6/2020
722511805,Lucky 3,Lucky3 Morning ,1,100,2/6/2020 9:43,2/6/2020
722511805,KENNO,TUE KENNO,2,100,2/6/2020 9:45,2/6/2020
722511805,Lucky 3,Lucky3 Lunch,1,100,2/6/2020 10:01,2/6/2020
722683574,KENNO,TUE KENNO,1,50,2/6/2020 10:06,2/6/2020
720766999,KENNO,TUE KENNO,3,150,2/6/2020 10:09,2/6/2020
722348817,Lucky 3,Lucky3 Lunch,1,200,2/6/2020 10:10,2/6/2020
721488672,Lucky 3,Lucky3 Lunch,1,250,2/6/2020 10:20,2/6/2020
726843087,Lucky 3,Lucky3 Lunch,1,50,2/6/2020 10:27,2/6/2020
722566472,KENNO,TUE KENNO,8,400,2/6/2020 10:33,2/6/2020
722348817,KENNO,TUE KENNO,4,200,2/6/2020 10:49,2/6/2020
722556905,Lucky 3,Lucky3 Lunch,1,20,2/6/2020 10:55,2/6/2020
722556905,Lucky 3,Lucky3 Lunch,1,20,2/6/2020 10:57,2/6/2020
722556905,Lucky 3,Lucky3 Lunch,1,20,2/6/2020 11:01,2/6/2020
722556905,Lucky 3,Lucky3 Lunch,1,20,2/6/2020 11:02,2/6/2020
723713783,Lucky 3,Lucky3 Lunch,1,50,2/6/2020 11:22,2/6/2020
722348817,Lucky 3,Lucky3 Lunch,1,200,2/6/2020 11:26,2/6/2020
742587724,Lucky 3,Lucky3 Lunch,1,50,2/6/2020 11:39,2/6/2020
701409462,KENNO,TUE KENNO,1,50,2/6/2020 11:41,2/6/2020
721556460,KENNO,TUE KENNO,1,50,2/6/2020 11:44,2/6/2020
723824775,KENNO,TUE KENNO,1,50,2/6/2020 11:50,2/6/2020
708812594,KENNO,TUE KENNO,8,400,2/6/2020 11:53,2/6/2020
727469612,KENNO,TUE KENNO,1,50,2/6/2020 12:02,2/6/2020
723316738,Lucky 3,Lucky3 Lunch,1,50,2/6/2020 12:07,2/6/2020
722910295,KENNO,TUE KENNO,1,50,2/6/2020 12:15,2/6/2020
728834759,Lucky 3,Lucky3 Lunch,1,50,2/6/2020 12:21,2/6/2020
720464768,Lucky 3,Lucky3 Lunch,1,50,2/6/2020 12:34,2/6/2020
720464768,Lucky 3,Lucky3 Lunch,1,50,2/6/2020 12:37,2/6/2020
720464768,Lucky 3,Lucky3 Lunch,1,50,2/6/2020 12:40,2/6/2020
724408073,KENNO,TUE KENNO,1,50,2/6/2020 13:05,2/6/2020
724408073,Lucky 3,Lucky3 Evening,1,50,2/6/2020 13:08,2/6/2020
791427258,KENNO,TUE KENNO,2,100,2/6/2020 13:11,2/6/2020
728041667,KENNO,TUE KENNO,1,50,2/6/2020 13:23,2/6/2020
723713783,Lucky 3,Lucky3 Evening,1,50,2/6/2020 13:41,2/6/2020
721524381,KENNO,TUE KENNO,1,50,2/6/2020 13:48,2/6/2020
722466554,KENNO,TUE KENNO,1,50,2/6/2020 13:53,2/6/2020
722477781,KENNO,TUE KENNO,1,50,2/6/2020 13:56,2/6/2020
721258912,KENNO,TUE KENNO,7,350,2/6/2020 13:59,2/6/2020
722239366,KENNO,TUE KENNO,1,50,2/6/2020 14:03,2/6/2020
721524381,KENNO,TUE KENNO,1,50,2/6/2020 14:06,2/6/2020
720944397,Lucky 3,Lucky3 Evening,1,50,2/6/2020 14:12,2/6/2020
721456797,KENNO,TUE KENNO,2,100,2/6/2020 14:16,2/6/2020
721524381,KENNO,TUE KENNO,1,50,2/6/2020 14:36,2/6/2020
722511805,Lucky 3,Lucky3 Evening,1,100,2/6/2020 14:37,2/6/2020
722511805,KENNO,TUE KENNO,2,100,2/6/2020 14:39,2/6/2020
720020434,Lucky 3,Lucky3 Evening,1,50,2/6/2020 14:46,2/6/2020
722348817,Lucky 3,Lucky3 Evening,1,50,2/6/2020 14:47,2/6/2020
728218026,KENNO,TUE KENNO,1,50,2/6/2020 14:47,2/6/2020
720020434,KENNO,TUE KENNO,1,50,2/6/2020 14:47,2/6/2020
724484981,KENNO,TUE KENNO,3,150,2/6/2020 14:48,2/6/2020
723794134,KENNO,TUE KENNO,2,100,2/6/2020 14:48,2/6/2020
722770082,Lucky 3,Lucky3 Evening,1,50,2/6/2020 14:49,2/6/2020
725386300,KENNO,TUE KENNO,1,50,2/6/2020 14:49,2/6/2020
725386300,Lucky 3,Lucky3 Evening,1,50,2/6/2020 14:50,2/6/2020
720464768,KENNO,TUE KENNO,2,100,2/6/2020 14:57,2/6/2020
722407170,KENNO,TUE KENNO,1,50,2/6/2020 15:02,2/6/2020
722821055,Lucky 3,Lucky3 Evening,1,50,2/6/2020 15:03,2/6/2020
722513834,KENNO,TUE KENNO,1,50,2/6/2020 15:05,2/6/2020
722821055,KENNO,TUE KENNO,1,50,2/6/2020 15:07,2/6/2020
740325305,KENNO,TUE KENNO,1,50,2/6/2020 15:11,2/6/2020
740325305,KENNO,TUE KENNO,1,50,2/6/2020 15:11,2/6/2020
791348975,KENNO,TUE KENNO,1,50,2/6/2020 15:13,2/6/2020
722723106,KENNO,TUE KENNO,1,50,2/6/2020 15:14,2/6/2020
724016382,Lucky 3,Lucky3 Evening,1,50,2/6/2020 15:15,2/6/2020
718058440,Lucky 3,Lucky3 Evening,1,100,2/6/2020 15:15,2/6/2020
724016382,KENNO,TUE KENNO,1,50,2/6/2020 15:16,2/6/2020
722723106,KENNO,TUE KENNO,1,50,2/6/2020 15:16,2/6/2020
721488672,Lucky 3,Lucky3 Evening,1,150,2/6/2020 15:16,2/6/2020
722723106,KENNO,TUE KENNO,1,50,2/6/2020 15:17,2/6/2020
721365041,KENNO,TUE KENNO,1,50,2/6/2020 15:18,2/6/2020
722723106,KENNO,TUE KENNO,1,50,2/6/2020 15:19,2/6/2020
720464768,Lucky 3,Lucky3 Evening,1,50,2/6/2020 15:19,2/6/2020
721354985,KENNO,TUE KENNO,1,50,2/6/2020 15:20,2/6/2020
725629500,KENNO,TUE KENNO,1,50,2/6/2020 15:20,2/6/2020
728273463,KENNO,TUE KENNO,1,50,2/6/2020 15:20,2/6/2020
722723106,KENNO,TUE KENNO,1,50,2/6/2020 15:21,2/6/2020
722723106,KENNO,TUE KENNO,2,100,2/6/2020 15:23,2/6/2020
722804717,KENNO,TUE KENNO,3,150,2/6/2020 15:24,2/6/2020
720464768,Lucky 3,Lucky3 Evening,1,50,2/6/2020 15:24,2/6/2020
722723106,KENNO,TUE KENNO,2,100,2/6/2020 15:24,2/6/2020
722723106,KENNO,TUE KENNO,1,50,2/6/2020 15:26,2/6/2020
791427258,KENNO,TUE KENNO,1,50,2/6/2020 15:27,2/6/2020
722723106,KENNO,TUE KENNO,1,50,2/6/2020 15:28,2/6/2020
793898356,Lucky 3,Lucky3 Evening,1,20,2/6/2020 15:28,2/6/2020
793898356,Lucky 3,Lucky3 Evening,1,20,2/6/2020 15:28,2/6/2020
722723106,KENNO,TUE KENNO,1,50,2/6/2020 15:29,2/6/2020
720860893,KENNO,TUE KENNO,1,50,2/6/2020 15:31,2/6/2020
722849547,KENNO,TUE KENNO,1,50,2/6/2020 15:38,2/6/2020
721258912,KENNO,TUE KENNO,17,850,2/6/2020 15:40,2/6/2020
706003350,KENNO,TUE KENNO,1,50,2/6/2020 15:42,2/6/2020
722508537,KENNO,TUE KENNO,1,50,2/6/2020 15:43,2/6/2020
713166742,Lucky 3,Lucky3 Evening,1,50,2/6/2020 15:45,2/6/2020
746518329,KENNO,TUE KENNO,1,50,2/6/2020 15:45,2/6/2020
793898356,Lucky 3,Lucky3 Evening,1,20,2/6/2020 15:47,2/6/2020
726788774,KENNO,TUE KENNO,1,50,2/6/2020 15:47,2/6/2020
721377230,KENNO,TUE KENNO,1,50,2/6/2020 15:51,2/6/2020
728218026,LOTTO,Lotto,1,50,3/6/2020 1:04,3/6/2020
725675059,KENNO,WED KENNO,1,50,3/6/2020 1:08,3/6/2020
721207941,LOTTO,Lotto,1,50,3/6/2020 3:05,3/6/2020
723713783,Lucky 3,Lucky3 Morning ,1,50,3/6/2020 4:29,3/6/2020
722276226,LOTTO,Lotto,1,50,3/6/2020 4:41,3/6/2020
722276226,KENNO,WED KENNO,1,50,3/6/2020 4:43,3/6/2020
723713783,LOTTO,Lotto,1,50,3/6/2020 4:50,3/6/2020
725562430,LOTTO,Lotto,1,50,3/6/2020 4:57,3/6/2020
722964545,LOTTO,Lotto,1,50,3/6/2020 5:02,3/6/2020
720281451,LOTTO,Lotto,2,100,3/6/2020 5:16,3/6/2020
720281451,LOTTO,Lotto,3,150,3/6/2020 5:24,3/6/2020
721543258,Lucky 3,Lucky3 Morning ,2,80,3/6/2020 5:56,3/6/2020
721543258,LOTTO,Lotto,2,100,3/6/2020 5:56,3/6/2020
721543258,KENNO,WED KENNO,2,100,3/6/2020 5:56,3/6/2020
711187339,LOTTO,Lotto,1,50,3/6/2020 5:59,3/6/2020
721240812,LOTTO,Lotto,1,50,3/6/2020 6:20,3/6/2020
722777237,LOTTO,Lotto,3,150,3/6/2020 6:32,3/6/2020
724446519,LOTTO,Lotto,1,50,3/6/2020 6:34,3/6/2020
712155956,KENNO,WED KENNO,5,250,3/6/2020 6:46,3/6/2020
723835451,LOTTO,Lotto,2,100,3/6/2020 6:54,3/6/2020
722559626,LOTTO,Lotto,1,50,3/6/2020 6:57,3/6/2020
728218026,Lucky 3,Lucky3 Morning ,1,50,3/6/2020 6:58,3/6/2020
725305679,LOTTO,Lotto,1,50,3/6/2020 7:03,3/6/2020
725305679,KENNO,WED KENNO,1,50,3/6/2020 7:05,3/6/2020
722977277,LOTTO,Lotto,1,50,3/6/2020 7:07,3/6/2020
721558753,LOTTO,Lotto,1,50,3/6/2020 7:11,3/6/2020
721558753,KENNO,WED KENNO,1,50,3/6/2020 7:13,3/6/2020
722150061,LOTTO,Lotto,2,100,3/6/2020 7:15,3/6/2020
724408073,LOTTO,Lotto,1,50,3/6/2020 7:17,3/6/2020
726376850,LOTTO,Lotto,2,100,3/6/2020 7:19,3/6/2020
724408073,KENNO,WED KENNO,1,50,3/6/2020 7:19,3/6/2020
727261816,KENNO,WED KENNO,20,1000,3/6/2020 7:28,3/6/2020
722803302,LOTTO,Lotto,1,50,3/6/2020 7:33,3/6/2020
729905524,Lucky 3,Lucky3 Morning ,1,100,3/6/2020 7:34,3/6/2020
722683574,KENNO,WED KENNO,1,50,3/6/2020 7:58,3/6/2020
722683574,LOTTO,Lotto,1,50,3/6/2020 8:07,3/6/2020
726659669,LOTTO,Lotto,1,50,3/6/2020 8:08,3/6/2020
722653278,LOTTO,Lotto,1,50,3/6/2020 8:14,3/6/2020
723876617,LOTTO,Lotto,1,50,3/6/2020 8:21,3/6/2020
725386300,LOTTO,Lotto,1,50,3/6/2020 8:22,3/6/2020
723876617,KENNO,WED KENNO,1,50,3/6/2020 8:23,3/6/2020
722470058,LOTTO,Lotto,1,50,3/6/2020 8:25,3/6/2020
723876617,LOTTO,Lotto,1,50,3/6/2020 8:25,3/6/2020
725386300,Lucky 3,Lucky3 Morning ,1,50,3/6/2020 8:25,3/6/2020
706003350,LOTTO,Lotto,1,50,3/6/2020 8:26,3/6/2020
723876617,KENNO,WED KENNO,1,50,3/6/2020 8:27,3/6/2020
720737697,LOTTO,Lotto,1,50,3/6/2020 8:30,3/6/2020
720464768,Lucky 3,Lucky3 Morning ,1,50,3/6/2020 8:37,3/6/2020
723288242,LOTTO,Lotto,1,50,3/6/2020 8:37,3/6/2020
722103004,LOTTO,Lotto,1,50,3/6/2020 8:39,3/6/2020
721281787,LOTTO,Lotto,1,50,3/6/2020 8:39,3/6/2020
721524381,KENNO,WED KENNO,1,50,3/6/2020 8:40,3/6/2020
721281787,LOTTO,Lotto,1,50,3/6/2020 8:41,3/6/2020
721281787,LOTTO,Lotto,1,50,3/6/2020 8:42,3/6/2020
723288242,LOTTO,Lotto,1,50,3/6/2020 8:45,3/6/2020
722155896,LOTTO,Lotto,3,150,3/6/2020 8:45,3/6/2020
711244481,LOTTO,Lotto,1,50,3/6/2020 8:47,3/6/2020
720814968,LOTTO,Lotto,2,100,3/6/2020 8:48,3/6/2020
722779658,LOTTO,Lotto,1,50,3/6/2020 9:01,3/6/2020
720464768,Lucky 3,Lucky3 Morning ,1,50,3/6/2020 9:04,3/6/2020
715798726,KENNO,WED KENNO,6,300,3/6/2020 9:05,3/6/2020
712023514,LOTTO,Lotto,1,50,3/6/2020 9:06,3/6/2020
726468699,LOTTO,Lotto,2,100,3/6/2020 9:09,3/6/2020
722803302,LOTTO,Lotto,1,50,3/6/2020 9:09,3/6/2020
723728837,LOTTO,Lotto,2,100,3/6/2020 9:10,3/6/2020
722619104,LOTTO,Lotto,1,50,3/6/2020 9:11,3/6/2020
726468699,LOTTO,Lotto,2,100,3/6/2020 9:12,3/6/2020
722511805,Lucky 3,Lucky3 Morning ,1,100,3/6/2020 9:13,3/6/2020
722511805,KENNO,WED KENNO,2,100,3/6/2020 9:15,3/6/2020
719285290,LOTTO,Lotto,1,50,3/6/2020 9:15,3/6/2020
722511805,KENNO,WED KENNO,2,100,3/6/2020 9:17,3/6/2020
725884761,LOTTO,Lotto,1,50,3/6/2020 9:17,3/6/2020
721161657,LOTTO,Lotto,1,50,3/6/2020 9:18,3/6/2020
722511805,LOTTO,Lotto,2,100,3/6/2020 9:18,3/6/2020
722770005,LOTTO,Lotto,1,50,3/6/2020 9:21,3/6/2020
723288242,LOTTO,Lotto,1,50,3/6/2020 9:24,3/6/2020
721782538,LOTTO,Lotto,1,50,3/6/2020 9:25,3/6/2020
723316738,Lucky 3,Lucky3 Morning ,1,50,3/6/2020 9:28,3/6/2020
724463434,LOTTO,Lotto,1,50,3/6/2020 9:31,3/6/2020
724463434,LOTTO,Lotto,1,50,3/6/2020 9:33,3/6/2020
797408155,LOTTO,Lotto,1,50,3/6/2020 9:33,3/6/2020
723734803,KENNO,WED KENNO,2,100,3/6/2020 9:36,3/6/2020
722708300,LOTTO,Lotto,1,50,3/6/2020 9:41,3/6/2020
725629500,Lucky 3,Lucky3 Morning ,1,100,3/6/2020 9:41,3/6/2020
723570220,LOTTO,Lotto,3,150,3/6/2020 9:42,3/6/2020
720310116,LOTTO,Lotto,1,50,3/6/2020 9:45,3/6/2020
722371751,LOTTO,Lotto,6,300,3/6/2020 9:50,3/6/2020
721365041,LOTTO,Lotto,1,50,3/6/2020 9:56,3/6/2020
722556905,Lucky 3,Lucky3 Lunch,1,20,3/6/2020 9:56,3/6/2020
722497495,LOTTO,Lotto,4,200,3/6/2020 9:57,3/6/2020
722695471,LOTTO,Lotto,1,50,3/6/2020 9:57,3/6/2020
721977815,Lucky 3,Lucky3 Lunch,1,50,3/6/2020 9:57,3/6/2020
721365041,KENNO,WED KENNO,1,50,3/6/2020 10:00,3/6/2020
702557736,LOTTO,Lotto,1,50,3/6/2020 10:00,3/6/2020
722632704,LOTTO,Lotto,1,50,3/6/2020 10:01,3/6/2020
722856015,LOTTO,Lotto,2,100,3/6/2020 10:02,3/6/2020
722870277,LOTTO,Lotto,4,200,3/6/2020 10:06,3/6/2020
726659669,LOTTO,Lotto,2,100,3/6/2020 10:06,3/6/2020
723713783,Lucky 3,Lucky3 Lunch,1,50,3/6/2020 10:07,3/6/2020
722330455,Lucky 3,Lucky3 Lunch,1,100,3/6/2020 10:08,3/6/2020
700777309,LOTTO,Lotto,1,50,3/6/2020 10:08,3/6/2020
722330455,LOTTO,Lotto,2,100,3/6/2020 10:09,3/6/2020
723704317,LOTTO,Lotto,2,100,3/6/2020 10:11,3/6/2020
714351635,LOTTO,Lotto,1,50,3/6/2020 10:12,3/6/2020
714434323,LOTTO,Lotto,1,50,3/6/2020 10:12,3/6/2020
722693826,LOTTO,Lotto,2,100,3/6/2020 10:13,3/6/2020
722385735,LOTTO,Lotto,1,50,3/6/2020 10:15,3/6/2020
722693826,KENNO,WED KENNO,2,100,3/6/2020 10:16,3/6/2020
722257628,LOTTO,Lotto,1,50,3/6/2020 10:23,3/6/2020
722511805,Lucky 3,Lucky3 Lunch,1,100,3/6/2020 10:27,3/6/2020
722666349,LOTTO,Lotto,1,50,3/6/2020 10:27,3/6/2020
720351586,LOTTO,Lotto,1,50,3/6/2020 10:37,3/6/2020
723497139,LOTTO,Lotto,1,50,3/6/2020 10:38,3/6/2020
724267980,Lucky 3,Lucky3 Lunch,1,50,3/6/2020 10:39,3/6/2020
724267980,KENNO,WED KENNO,1,50,3/6/2020 10:41,3/6/2020
712379923,LOTTO,Lotto,6,300,3/6/2020 10:42,3/6/2020
700777309,LOTTO,Lotto,1,50,3/6/2020 10:47,3/6/2020
740325305,KENNO,WED KENNO,3,150,3/6/2020 10:47,3/6/2020
726722474,LOTTO,Lotto,6,300,3/6/2020 10:48,3/6/2020
714993080,Lucky 3,Lucky3 Lunch,1,50,3/6/2020 10:48,3/6/2020
740325305,LOTTO,Lotto,2,100,3/6/2020 10:49,3/6/2020
740325305,Lucky 3,Lucky3 Lunch,1,100,3/6/2020 10:51,3/6/2020
729710438,LOTTO,Lotto,2,100,3/6/2020 10:52,3/6/2020
714440805,LOTTO,Lotto,1,50,3/6/2020 10:52,3/6/2020
758196976,LOTTO,Lotto,1,50,3/6/2020 10:52,3/6/2020
721354985,LOTTO,Lotto,2,100,3/6/2020 10:54,3/6/2020
722681811,LOTTO,Lotto,2,100,3/6/2020 10:59,3/6/2020
722970732,LOTTO,Lotto,2,100,3/6/2020 11:00,3/6/2020
722856172,Lucky 3,Lucky3 Lunch,1,50,3/6/2020 11:03,3/6/2020
723801825,LOTTO,Lotto,1,50,3/6/2020 11:07,3/6/2020
724525341,LOTTO,Lotto,1,50,3/6/2020 11:08,3/6/2020
725548254,LOTTO,Lotto,1,50,3/6/2020 11:09,3/6/2020
726376850,LOTTO,Lotto,2,100,3/6/2020 11:10,3/6/2020
720464768,Lucky 3,Lucky3 Lunch,1,50,3/6/2020 11:10,3/6/2020
710291153,LOTTO,Lotto,2,100,3/6/2020 11:11,3/6/2020
722799584,LOTTO,Lotto,1,50,3/6/2020 11:13,3/6/2020
742587724,LOTTO,Lotto,1,50,3/6/2020 11:14,3/6/2020
706250744,LOTTO,Lotto,1,50,3/6/2020 11:14,3/6/2020
742587724,Lucky 3,Lucky3 Lunch,1,50,3/6/2020 11:17,3/6/2020
799337715,LOTTO,Lotto,1,50,3/6/2020 11:19,3/6/2020
722769689,Lucky 3,Lucky3 Lunch,1,50,3/6/2020 11:22,3/6/2020
706204431,LOTTO,Lotto,1,50,3/6/2020 11:23,3/6/2020
722511805,Lucky 3,Lucky3 Lunch,1,100,3/6/2020 11:24,3/6/2020
722769689,LOTTO,Lotto,1,50,3/6/2020 11:25,3/6/2020
722412832,LOTTO,Lotto,1,50,3/6/2020 11:27,3/6/2020
720551343,LOTTO,Lotto,1,50,3/6/2020 11:28,3/6/2020
722788140,LOTTO,Lotto,1,50,3/6/2020 11:29,3/6/2020
726376850,LOTTO,Lotto,7,350,3/6/2020 11:31,3/6/2020
726113259,LOTTO,Lotto,1,50,3/6/2020 11:32,3/6/2020
791387750,LOTTO,Lotto,1,50,3/6/2020 11:36,3/6/2020
722566472,LOTTO,Lotto,8,400,3/6/2020 11:39,3/6/2020
725484333,LOTTO,Lotto,1,50,3/6/2020 11:40,3/6/2020
708812594,LOTTO,Lotto,8,400,3/6/2020 11:41,3/6/2020
712379923,LOTTO,Lotto,6,300,3/6/2020 11:41,3/6/2020
722859665,Lucky 3,Lucky3 Lunch,1,100,3/6/2020 11:43,3/6/2020
722770082,Lucky 3,Lucky3 Lunch,1,50,3/6/2020 11:50,3/6/2020
722770082,LOTTO,Lotto,2,100,3/6/2020 11:53,3/6/2020
722266530,LOTTO,Lotto,1,50,3/6/2020 11:54,3/6/2020
722477781,LOTTO,Lotto,2,100,3/6/2020 12:04,3/6/2020
722477781,KENNO,WED KENNO,2,100,3/6/2020 12:05,3/6/2020
720990044,Lucky 3,Lucky3 Lunch,1,50,3/6/2020 12:08,3/6/2020
728218026,LOTTO,Lotto,1,50,3/6/2020 12:09,3/6/2020
721850393,LOTTO,Lotto,3,150,3/6/2020 12:12,3/6/2020
727439197,KENNO,WED KENNO,3,150,3/6/2020 12:16,3/6/2020
722348817,Lucky 3,Lucky3 Lunch,1,200,3/6/2020 12:17,3/6/2020
722821323,Lucky 3,Lucky3 Lunch,1,330,3/6/2020 12:18,3/6/2020
722348817,LOTTO,Lotto,6,300,3/6/2020 12:19,3/6/2020
723689629,LOTTO,Lotto,1,50,3/6/2020 12:20,3/6/2020
720464768,Lucky 3,Lucky3 Lunch,1,50,3/6/2020 12:21,3/6/2020
729905524,Lucky 3,Lucky3 Lunch,1,80,3/6/2020 12:22,3/6/2020
722645377,LOTTO,Lotto,1,50,3/6/2020 12:22,3/6/2020
722483637,LOTTO,Lotto,1,50,3/6/2020 12:29,3/6/2020
722719814,LOTTO,Lotto,1,50,3/6/2020 12:31,3/6/2020
722719814,LOTTO,Lotto,1,50,3/6/2020 12:32,3/6/2020
727469612,KENNO,WED KENNO,1,50,3/6/2020 12:33,3/6/2020
727359338,LOTTO,Lotto,4,200,3/6/2020 12:36,3/6/2020
722589164,LOTTO,Lotto,1,50,3/6/2020 12:40,3/6/2020
722589164,LOTTO,Lotto,1,50,3/6/2020 12:40,3/6/2020
727469612,KENNO,WED KENNO,1,50,3/6/2020 12:40,3/6/2020
726460948,LOTTO,Lotto,1,50,3/6/2020 12:41,3/6/2020
726460948,LOTTO,Lotto,1,50,3/6/2020 12:42,3/6/2020
720464768,Lucky 3,Lucky3 Lunch,1,50,3/6/2020 12:43,3/6/2020
721213942,LOTTO,Lotto,1,50,3/6/2020 12:43,3/6/2020
720842322,LOTTO,Lotto,1,50,3/6/2020 12:43,3/6/2020
721454565,LOTTO,Lotto,2,100,3/6/2020 12:45,3/6/2020
722816210,LOTTO,Lotto,1,50,3/6/2020 12:49,3/6/2020
727359338,KENNO,WED KENNO,3,150,3/6/2020 12:52,3/6/2020
725386300,KENNO,WED KENNO,1,50,3/6/2020 12:52,3/6/2020
726624310,LOTTO,Lotto,2,100,3/6/2020 12:54,3/6/2020
743372495,LOTTO,Lotto,1,50,3/6/2020 12:55,3/6/2020
712769200,LOTTO,Lotto,1,50,3/6/2020 12:56,3/6/2020
759386645,LOTTO,Lotto,1,50,3/6/2020 12:58,3/6/2020
720326468,LOTTO,Lotto,1,50,3/6/2020 13:00,3/6/2020
723835451,LOTTO,Lotto,7,350,3/6/2020 13:00,3/6/2020
727165222,LOTTO,Lotto,1,50,3/6/2020 13:02,3/6/2020
759386645,LOTTO,Lotto,2,100,3/6/2020 13:08,3/6/2020
722348817,Lucky 3,Lucky3 Evening,1,200,3/6/2020 13:09,3/6/2020
722508537,LOTTO,Lotto,1,50,3/6/2020 13:10,3/6/2020
722770082,Lucky 3,Lucky3 Evening,1,50,3/6/2020 13:10,3/6/2020
722331081,LOTTO,Lotto,1,50,3/6/2020 13:19,3/6/2020
727213350,LOTTO,Lotto,1,50,3/6/2020 13:19,3/6/2020
723917206,LOTTO,Lotto,4,200,3/6/2020 13:19,3/6/2020
723917206,KENNO,WED KENNO,4,200,3/6/2020 13:22,3/6/2020
743372495,KENNO,WED KENNO,1,50,3/6/2020 13:29,3/6/2020
721743872,LOTTO,Lotto,1,50,3/6/2020 13:33,3/6/2020
721743872,LOTTO,Lotto,1,50,3/6/2020 13:36,3/6/2020
722666263,LOTTO,Lotto,1,50,3/6/2020 13:36,3/6/2020
726468699,LOTTO,Lotto,2,100,3/6/2020 13:36,3/6/2020
720326468,LOTTO,Lotto,1,50,3/6/2020 13:39,3/6/2020
722328081,LOTTO,Lotto,2,100,3/6/2020 13:41,3/6/2020
723146092,LOTTO,Lotto,1,50,3/6/2020 13:42,3/6/2020
722328081,KENNO,WED KENNO,2,100,3/6/2020 13:43,3/6/2020
746378879,KENNO,WED KENNO,1,50,3/6/2020 13:45,3/6/2020
703145796,KENNO,WED KENNO,4,200,3/6/2020 13:45,3/6/2020
726843087,Lucky 3,Lucky3 Evening,1,50,3/6/2020 13:46,3/6/2020
722328081,Lucky 3,Lucky3 Evening,1,100,3/6/2020 13:46,3/6/2020
722910295,LOTTO,Lotto,1,50,3/6/2020 13:47,3/6/2020
721491226,LOTTO,Lotto,2,100,3/6/2020 13:47,3/6/2020
723713783,Lucky 3,Lucky3 Evening,1,50,3/6/2020 13:48,3/6/2020
727731931,LOTTO,Lotto,1,50,3/6/2020 13:52,3/6/2020
710360181,LOTTO,Lotto,4,200,3/6/2020 13:54,3/6/2020
728218026,KENNO,WED KENNO,1,50,3/6/2020 13:54,3/6/2020
722364284,LOTTO,Lotto,2,100,3/6/2020 13:54,3/6/2020
716604812,LOTTO,Lotto,1,50,3/6/2020 13:54,3/6/2020
722566472,KENNO,WED KENNO,8,400,3/6/2020 13:54,3/6/2020
724119771,LOTTO,Lotto,1,50,3/6/2020 13:57,3/6/2020
725675059,Lucky 3,Lucky3 Evening,1,50,3/6/2020 13:57,3/6/2020
729875833,LOTTO,Lotto,2,100,3/6/2020 13:57,3/6/2020
724119771,KENNO,WED KENNO,1,50,3/6/2020 13:59,3/6/2020
714911690,LOTTO,Lotto,1,50,3/6/2020 13:59,3/6/2020
714911690,LOTTO,Lotto,1,50,3/6/2020 14:01,3/6/2020
724119771,Lucky 3,Lucky3 Evening,1,50,3/6/2020 14:01,3/6/2020
720615656,LOTTO,Lotto,1,50,3/6/2020 14:02,3/6/2020
714911690,LOTTO,Lotto,1,50,3/6/2020 14:03,3/6/2020
720869334,LOTTO,Lotto,1,50,3/6/2020 14:04,3/6/2020
714911690,LOTTO,Lotto,1,50,3/6/2020 14:05,3/6/2020
708812594,KENNO,WED KENNO,8,400,3/6/2020 14:05,3/6/2020
714911690,LOTTO,Lotto,1,50,3/6/2020 14:06,3/6/2020
722348817,KENNO,WED KENNO,4,200,3/6/2020 14:07,3/6/2020
722566472,KENNO,WED KENNO,8,400,3/6/2020 14:08,3/6/2020
722910295,LOTTO,Lotto,1,50,3/6/2020 14:12,3/6/2020
724630580,LOTTO,Lotto,1,50,3/6/2020 14:14,3/6/2020
722803302,LOTTO,Lotto,1,50,3/6/2020 14:16,3/6/2020
722511805,Lucky 3,Lucky3 Evening,1,100,3/6/2020 14:18,3/6/2020
722518284,LOTTO,Lotto,6,300,3/6/2020 14:19,3/6/2020
722511805,KENNO,WED KENNO,2,100,3/6/2020 14:19,3/6/2020
720944397,Lucky 3,Lucky3 Evening,1,50,3/6/2020 14:20,3/6/2020
722511805,LOTTO,Lotto,2,100,3/6/2020 14:20,3/6/2020
724243886,LOTTO,Lotto,1,50,3/6/2020 14:20,3/6/2020
711733683,LOTTO,Lotto,1,50,3/6/2020 14:22,3/6/2020
721581636,LOTTO,Lotto,1,50,3/6/2020 14:23,3/6/2020
720944397,Lucky 3,Lucky3 Evening,1,50,3/6/2020 14:24,3/6/2020
713050700,KENNO,WED KENNO,2,100,3/6/2020 14:25,3/6/2020
722769689,Lucky 3,Lucky3 Evening,1,50,3/6/2020 14:26,3/6/2020
721871928,LOTTO,Lotto,3,150,3/6/2020 14:27,3/6/2020
720944397,LOTTO,Lotto,1,50,3/6/2020 14:31,3/6/2020
721258912,KENNO,WED KENNO,9,450,3/6/2020 14:32,3/6/2020
720020434,KENNO,WED KENNO,2,100,3/6/2020 14:34,3/6/2020
721258912,LOTTO,Lotto,17,850,3/6/2020 14:34,3/6/2020
721581636,LOTTO,Lotto,1,50,3/6/2020 14:37,3/6/2020
720020434,LOTTO,Lotto,2,100,3/6/2020 14:39,3/6/2020
721207941,Lucky 3,Lucky3 Evening,1,50,3/6/2020 14:40,3/6/2020
721456797,KENNO,WED KENNO,2,100,3/6/2020 14:42,3/6/2020
722460929,LOTTO,Lotto,1,50,3/6/2020 14:43,3/6/2020
720597983,LOTTO,Lotto,1,50,3/6/2020 14:43,3/6/2020
799736758,LOTTO,Lotto,1,50,3/6/2020 14:43,3/6/2020
723835451,LOTTO,Lotto,2,100,3/6/2020 14:43,3/6/2020
717195668,LOTTO,Lotto,6,300,3/6/2020 14:43,3/6/2020
720220173,LOTTO,Lotto,1,50,3/6/2020 14:45,3/6/2020
722460929,LOTTO,Lotto,1,50,3/6/2020 14:47,3/6/2020
720464768,LOTTO,Lotto,2,100,3/6/2020 14:48,3/6/2020
722460929,LOTTO,Lotto,1,50,3/6/2020 14:48,3/6/2020
720020434,Lucky 3,Lucky3 Evening,1,50,3/6/2020 14:54,3/6/2020
722666263,LOTTO,Lotto,1,50,3/6/2020 14:55,3/6/2020
722666263,LOTTO,Lotto,1,50,3/6/2020 14:55,3/6/2020
722683574,KENNO,WED KENNO,1,50,3/6/2020 14:56,3/6/2020
722683574,LOTTO,Lotto,1,50,3/6/2020 14:58,3/6/2020
722407170,KENNO,WED KENNO,1,50,3/6/2020 14:59,3/6/2020
727766559,LOTTO,Lotto,5,250,3/6/2020 15:00,3/6/2020
710744363,LOTTO,Lotto,1,50,3/6/2020 15:01,3/6/2020
722407170,LOTTO,Lotto,1,50,3/6/2020 15:02,3/6/2020
728365745,LOTTO,Lotto,1,50,3/6/2020 15:02,3/6/2020
722639071,LOTTO,Lotto,6,300,3/6/2020 15:04,3/6/2020
720534982,LOTTO,Lotto,2,100,3/6/2020 15:05,3/6/2020
729948707,LOTTO,Lotto,1,50,3/6/2020 15:05,3/6/2020
721352893,LOTTO,Lotto,2,100,3/6/2020 15:07,3/6/2020
720281451,LOTTO,Lotto,3,150,3/6/2020 15:08,3/6/2020
722566472,LOTTO,Lotto,6,300,3/6/2020 15:08,3/6/2020
713166742,KENNO,WED KENNO,1,50,3/6/2020 15:09,3/6/2020
724943624,LOTTO,Lotto,2,100,3/6/2020 15:09,3/6/2020
722553085,LOTTO,Lotto,1,50,3/6/2020 15:09,3/6/2020
713233217,LOTTO,Lotto,1,50,3/6/2020 15:09,3/6/2020
721890643,LOTTO,Lotto,2,100,3/6/2020 15:10,3/6/2020
722576590,LOTTO,Lotto,1,50,3/6/2020 15:11,3/6/2020
725121008,LOTTO,Lotto,3,150,3/6/2020 15:11,3/6/2020
722484373,LOTTO,Lotto,5,250,3/6/2020 15:11,3/6/2020
722723106,KENNO,WED KENNO,1,50,3/6/2020 15:11,3/6/2020
713166742,LOTTO,Lotto,1,50,3/6/2020 15:13,3/6/2020
722723106,KENNO,WED KENNO,1,50,3/6/2020 15:13,3/6/2020
720464768,Lucky 3,Lucky3 Evening,1,50,3/6/2020 15:13,3/6/2020
720641550,KENNO,WED KENNO,2,100,3/6/2020 15:14,3/6/2020
111458272,LOTTO,Lotto,2,100,3/6/2020 15:14,3/6/2020
713166742,Lucky 3,Lucky3 Evening,1,50,3/6/2020 15:15,3/6/2020
790855734,LOTTO,Lotto,3,150,3/6/2020 15:15,3/6/2020
712062534,LOTTO,Lotto,1,50,3/6/2020 15:16,3/6/2020
723794134,LOTTO,Lotto,2,100,3/6/2020 15:16,3/6/2020
722723106,KENNO,WED KENNO,1,50,3/6/2020 15:17,3/6/2020
711733683,LOTTO,Lotto,1,50,3/6/2020 15:18,3/6/2020
722868123,LOTTO,Lotto,1,50,3/6/2020 15:19,3/6/2020
722723106,KENNO,WED KENNO,1,50,3/6/2020 15:19,3/6/2020
728834759,LOTTO,Lotto,1,50,3/6/2020 15:19,3/6/2020
722666349,LOTTO,Lotto,1,50,3/6/2020 15:20,3/6/2020
722723106,KENNO,WED KENNO,1,50,3/6/2020 15:21,3/6/2020
722497495,LOTTO,Lotto,3,150,3/6/2020 15:21,3/6/2020
716751700,LOTTO,Lotto,2,100,3/6/2020 15:23,3/6/2020
721832263,LOTTO,Lotto,2,100,3/6/2020 15:23,3/6/2020
722496733,LOTTO,Lotto,6,300,3/6/2020 15:23,3/6/2020
722723106,KENNO,WED KENNO,1,50,3/6/2020 15:23,3/6/2020
722723106,KENNO,WED KENNO,3,150,3/6/2020 15:25,3/6/2020
722466554,LOTTO,Lotto,1,50,3/6/2020 15:27,3/6/2020
722538429,LOTTO,Lotto,1,50,3/6/2020 15:28,3/6/2020
714222827,LOTTO,Lotto,1,50,3/6/2020 15:29,3/6/2020
700315495,LOTTO,Lotto,2,100,3/6/2020 15:31,3/6/2020
727829555,KENNO,WED KENNO,1,50,3/6/2020 15:31,3/6/2020
721160251,LOTTO,Lotto,2,100,3/6/2020 15:33,3/6/2020
700315495,KENNO,WED KENNO,1,50,3/6/2020 15:33,3/6/2020
727829555,KENNO,WED KENNO,1,50,3/6/2020 15:33,3/6/2020
714993080,Lucky 3,Lucky3 Evening,1,50,3/6/2020 15:34,3/6/2020
722155896,LOTTO,Lotto,1,50,3/6/2020 15:36,3/6/2020
718207710,KENNO,WED KENNO,1,50,3/6/2020 15:36,3/6/2020
721365041,LOTTO,Lotto,1,50,3/6/2020 15:39,3/6/2020
725998463,LOTTO,Lotto,1,50,3/6/2020 15:39,3/6/2020
722245110,LOTTO,Lotto,2,100,3/6/2020 15:40,3/6/2020
791628245,LOTTO,Lotto,1,50,3/6/2020 15:40,3/6/2020
791348975,KENNO,WED KENNO,1,50,3/6/2020 15:41,3/6/2020
722723106,LOTTO,Lotto,1,50,3/6/2020 15:41,3/6/2020
726225458,LOTTO,Lotto,1,50,3/6/2020 15:41,3/6/2020
702618605,Lucky 3,Lucky3 Evening,1,50,3/6/2020 15:46,3/6/2020
726788774,KENNO,WED KENNO,1,50,3/6/2020 15:47,3/6/2020
718608501,Lucky 3,Lucky3 Evening,1,100,3/6/2020 15:49,3/6/2020
791348975,KENNO,WED KENNO,1,50,3/6/2020 15:51,3/6/2020
727829555,KENNO,WED KENNO,1,50,3/6/2020 15:52,3/6/2020
718608501,Lucky 3,Lucky3 Evening,1,20,3/6/2020 15:53,3/6/2020
727829555,KENNO,WED KENNO,1,50,3/6/2020 15:53,3/6/2020
720860893,KENNO,THU KENNO,1,50,4/6/2020 1:07,4/6/2020
723713783,Lucky 3,Lucky3 Morning ,1,50,4/6/2020 2:44,4/6/2020
740325305,KENNO,THU KENNO,1,50,4/6/2020 6:37,4/6/2020
722683574,KENNO,THU KENNO,1,50,4/6/2020 7:04,4/6/2020
725562430,KENNO,THU KENNO,1,50,4/6/2020 7:08,4/6/2020
729905524,Lucky 3,Lucky3 Morning ,1,100,4/6/2020 7:56,4/6/2020
725386300,Lucky 3,Lucky3 Morning ,1,50,4/6/2020 8:23,4/6/2020
721556460,KENNO,THU KENNO,1,50,4/6/2020 9:05,4/6/2020
720464768,Lucky 3,Lucky3 Morning ,1,50,4/6/2020 9:08,4/6/2020
724379667,Lucky 3,Lucky3 Morning ,1,50,4/6/2020 9:08,4/6/2020
722511805,Lucky 3,Lucky3 Morning ,1,100,4/6/2020 9:21,4/6/2020
722511805,KENNO,THU KENNO,2,100,4/6/2020 9:22,4/6/2020
721558753,KENNO,THU KENNO,1,50,4/6/2020 9:24,4/6/2020
720464768,Lucky 3,Lucky3 Morning ,1,50,4/6/2020 9:25,4/6/2020
726146274,KENNO,THU KENNO,1,50,4/6/2020 9:28,4/6/2020
796354332,KENNO,THU KENNO,1,50,4/6/2020 9:29,4/6/2020
720464768,Lucky 3,Lucky3 Morning ,1,50,4/6/2020 9:33,4/6/2020
791427258,KENNO,THU KENNO,7,350,4/6/2020 9:34,4/6/2020
722155896,Lucky 3,Lucky3 Lunch,1,50,4/6/2020 10:51,4/6/2020
723713783,Lucky 3,Lucky3 Lunch,1,50,4/6/2020 10:57,4/6/2020
725386300,KENNO,THU KENNO,1,50,4/6/2020 11:17,4/6/2020
725386300,Lucky 3,Lucky3 Lunch,1,50,4/6/2020 11:18,4/6/2020
722348817,Lucky 3,Lucky3 Lunch,1,200,4/6/2020 11:23,4/6/2020
722477781,KENNO,THU KENNO,1,50,4/6/2020 11:27,4/6/2020
722348817,KENNO,THU KENNO,4,200,4/6/2020 11:33,4/6/2020
721258912,Lucky 3,Lucky3 Lunch,1,450,4/6/2020 11:36,4/6/2020
721258912,KENNO,THU KENNO,13,650,4/6/2020 11:36,4/6/2020
728218026,KENNO,THU KENNO,1,50,4/6/2020 11:37,4/6/2020
722870277,Lucky 3,Lucky3 Lunch,1,50,4/6/2020 11:38,4/6/2020
722836398,KENNO,THU KENNO,2,100,4/6/2020 11:49,4/6/2020
721488672,Lucky 3,Lucky3 Lunch,1,150,4/6/2020 11:54,4/6/2020
727469612,KENNO,THU KENNO,1,50,4/6/2020 11:57,4/6/2020
726304902,Lucky 3,Lucky3 Lunch,1,150,4/6/2020 11:58,4/6/2020
727359338,KENNO,THU KENNO,2,100,4/6/2020 11:59,4/6/2020
721488672,Lucky 3,Lucky3 Lunch,1,60,4/6/2020 12:01,4/6/2020
727359338,Lucky 3,Lucky3 Lunch,1,50,4/6/2020 12:03,4/6/2020
728263548,Lucky 3,Lucky3 Lunch,1,50,4/6/2020 12:17,4/6/2020
720464768,Lucky 3,Lucky3 Lunch,1,50,4/6/2020 12:23,4/6/2020
727829555,KENNO,THU KENNO,3,150,4/6/2020 12:27,4/6/2020
720464768,Lucky 3,Lucky3 Lunch,1,100,4/6/2020 12:36,4/6/2020
722348817,KENNO,THU KENNO,4,200,4/6/2020 12:51,4/6/2020
722497495,KENNO,THU KENNO,2,100,4/6/2020 13:34,4/6/2020
702161809,KENNO,THU KENNO,1,50,4/6/2020 13:43,4/6/2020
722566472,KENNO,THU KENNO,8,400,4/6/2020 14:00,4/6/2020
721831236,KENNO,THU KENNO,1,50,4/6/2020 14:09,4/6/2020
706003350,KENNO,THU KENNO,1,50,4/6/2020 14:10,4/6/2020
720020434,KENNO,THU KENNO,1,50,4/6/2020 14:10,4/6/2020
721305556,KENNO,THU KENNO,1,50,4/6/2020 14:13,4/6/2020
720020434,Lucky 3,Lucky3 Evening,1,50,4/6/2020 14:14,4/6/2020
708812594,KENNO,THU KENNO,8,400,4/6/2020 14:21,4/6/2020
720860893,KENNO,THU KENNO,1,50,4/6/2020 14:28,4/6/2020
742587724,Lucky 3,Lucky3 Evening,1,50,4/6/2020 14:39,4/6/2020
729389143,KENNO,THU KENNO,1,50,4/6/2020 14:49,4/6/2020
710744363,KENNO,THU KENNO,1,50,4/6/2020 14:54,4/6/2020
721365041,KENNO,THU KENNO,1,50,4/6/2020 15:00,4/6/2020
791348975,KENNO,THU KENNO,1,50,4/6/2020 15:04,4/6/2020
722723106,KENNO,THU KENNO,1,50,4/6/2020 15:14,4/6/2020
722466554,KENNO,THU KENNO,1,50,4/6/2020 15:15,4/6/2020
722723106,KENNO,THU KENNO,1,50,4/6/2020 15:16,4/6/2020
722407170,KENNO,THU KENNO,1,50,4/6/2020 15:17,4/6/2020
723713783,Lucky 3,Lucky3 Evening,1,50,4/6/2020 15:18,4/6/2020
722723106,KENNO,THU KENNO,1,50,4/6/2020 15:20,4/6/2020
722723106,KENNO,THU KENNO,1,50,4/6/2020 15:21,4/6/2020
722723106,KENNO,THU KENNO,3,150,4/6/2020 15:23,4/6/2020
722723106,KENNO,THU KENNO,3,150,4/6/2020 15:25,4/6/2020
727359338,Lucky 3,Lucky3 Evening,1,50,4/6/2020 15:28,4/6/2020
721354985,KENNO,THU KENNO,1,50,4/6/2020 15:30,4/6/2020
727359338,KENNO,THU KENNO,2,100,4/6/2020 15:32,4/6/2020
727829555,KENNO,THU KENNO,6,300,4/6/2020 15:32,4/6/2020
727829555,KENNO,THU KENNO,1,50,4/6/2020 15:34,4/6/2020
727829555,KENNO,THU KENNO,3,150,4/6/2020 15:35,4/6/2020
727829555,Lucky 3,Lucky3 Evening,1,50,4/6/2020 15:40,4/6/2020
727829555,KENNO,THU KENNO,1,50,4/6/2020 15:41,4/6/2020
727829555,Lucky 3,Lucky3 Evening,1,50,4/6/2020 15:43,4/6/2020
727829555,Lucky 3,Lucky3 Evening,1,50,4/6/2020 15:44,4/6/2020
727829555,Lucky 3,Lucky3 Evening,1,50,4/6/2020 15:46,4/6/2020
727829555,KENNO,THU KENNO,1,50,4/6/2020 15:48,4/6/2020
722513834,KENNO,THU KENNO,1,50,4/6/2020 15:48,4/6/2020
720464768,KENNO,THU KENNO,2,100,4/6/2020 15:50,4/6/2020
720464768,Lucky 3,Lucky3 Evening,1,50,4/6/2020 15:53,4/6/2020
723713783,Lucky 3,Lucky3 Morning ,1,50,5/6/2020 3:56,5/6/2020
723824775,KENNO,FRI KENNO,1,50,5/6/2020 6:19,5/6/2020
721558753,KENNO,FRI KENNO,1,50,5/6/2020 7:20,5/6/2020
722770082,Lucky 3,Lucky3 Morning ,1,50,5/6/2020 7:25,5/6/2020
729905524,Lucky 3,Lucky3 Morning ,1,70,5/6/2020 7:28,5/6/2020
723713783,Lucky 3,Lucky3 Morning ,1,50,5/6/2020 7:58,5/6/2020
726855279,Lucky 3,Lucky3 Morning ,1,50,5/6/2020 8:05,5/6/2020
727829555,Lucky 3,Lucky3 Morning ,1,50,5/6/2020 8:10,5/6/2020
725305679,KENNO,FRI KENNO,1,50,5/6/2020 8:35,5/6/2020
722348817,Lucky 3,Lucky3 Morning ,1,200,5/6/2020 8:47,5/6/2020
722856172,Lucky 3,Lucky3 Morning ,1,50,5/6/2020 9:02,5/6/2020
725386300,Lucky 3,Lucky3 Morning ,1,50,5/6/2020 9:03,5/6/2020
722348817,KENNO,FRI KENNO,4,200,5/6/2020 9:10,5/6/2020
720563892,KENNO,FRI KENNO,1,50,5/6/2020 9:13,5/6/2020
720464768,Lucky 3,Lucky3 Morning ,1,50,5/6/2020 9:19,5/6/2020
720464768,Lucky 3,Lucky3 Morning ,1,50,5/6/2020 9:24,5/6/2020
720464768,Lucky 3,Lucky3 Morning ,1,50,5/6/2020 9:29,5/6/2020
725629500,Lucky 3,Lucky3 Morning ,1,100,5/6/2020 9:39,5/6/2020
720464768,Lucky 3,Lucky3 Morning ,1,50,5/6/2020 9:39,5/6/2020
702618605,Lucky 3,Lucky3 Morning ,1,50,5/6/2020 9:42,5/6/2020
721556460,KENNO,FRI KENNO,1,50,5/6/2020 9:50,5/6/2020
726843087,Lucky 3,Lucky3 Lunch,1,50,5/6/2020 10:04,5/6/2020
722348817,Lucky 3,Lucky3 Lunch,1,200,5/6/2020 10:09,5/6/2020
722719848,Lucky 3,Lucky3 Lunch,1,50,5/6/2020 10:19,5/6/2020
722870277,Lucky 3,Lucky3 Lunch,1,100,5/6/2020 10:39,5/6/2020
725492366,KENNO,FRI KENNO,1,50,5/6/2020 10:44,5/6/2020
723713783,Lucky 3,Lucky3 Lunch,1,50,5/6/2020 11:03,5/6/2020
728218026,KENNO,FRI KENNO,1,50,5/6/2020 11:05,5/6/2020
728218026,Lucky 3,Lucky3 Lunch,1,50,5/6/2020 11:08,5/6/2020
727469612,KENNO,FRI KENNO,2,100,5/6/2020 11:34,5/6/2020
723842012,KENNO,FRI KENNO,2,100,5/6/2020 11:37,5/6/2020
721252357,KENNO,FRI KENNO,1,50,5/6/2020 11:52,5/6/2020
721258912,KENNO,FRI KENNO,7,350,5/6/2020 11:54,5/6/2020
720464768,Lucky 3,Lucky3 Lunch,1,50,5/6/2020 11:59,5/6/2020
722477781,KENNO,FRI KENNO,1,50,5/6/2020 12:06,5/6/2020
726855279,Lucky 3,Lucky3 Lunch,1,50,5/6/2020 12:10,5/6/2020
722511805,Lucky 3,Lucky3 Lunch,1,100,5/6/2020 12:22,5/6/2020
722511805,KENNO,FRI KENNO,2,100,5/6/2020 12:23,5/6/2020
722407170,KENNO,FRI KENNO,1,50,5/6/2020 12:23,5/6/2020
725386300,Lucky 3,Lucky3 Lunch,1,50,5/6/2020 12:26,5/6/2020
720464768,Lucky 3,Lucky3 Lunch,1,50,5/6/2020 12:27,5/6/2020
725386300,KENNO,FRI KENNO,1,50,5/6/2020 12:28,5/6/2020
729685188,KENNO,FRI KENNO,1,50,5/6/2020 12:40,5/6/2020
722239366,KENNO,FRI KENNO,1,50,5/6/2020 12:42,5/6/2020
722348817,Lucky 3,Lucky3 Evening,1,200,5/6/2020 13:04,5/6/2020
722683574,KENNO,FRI KENNO,1,50,5/6/2020 13:06,5/6/2020
728263548,KENNO,FRI KENNO,1,50,5/6/2020 13:08,5/6/2020
725675059,Lucky 3,Lucky3 Evening,1,50,5/6/2020 13:16,5/6/2020
726066159,Lucky 3,Lucky3 Evening,1,50,5/6/2020 13:26,5/6/2020
706003350,KENNO,FRI KENNO,1,50,5/6/2020 13:41,5/6/2020
721377230,KENNO,FRI KENNO,1,50,5/6/2020 14:05,5/6/2020
722566472,KENNO,FRI KENNO,8,400,5/6/2020 14:05,5/6/2020
708812594,KENNO,FRI KENNO,8,400,5/6/2020 14:06,5/6/2020
727359338,KENNO,FRI KENNO,4,200,5/6/2020 14:10,5/6/2020
725720746,Lucky 3,Lucky3 Evening,1,50,5/6/2020 14:28,5/6/2020
721365041,KENNO,FRI KENNO,1,50,5/6/2020 14:39,5/6/2020
722511805,Lucky 3,Lucky3 Evening,1,100,5/6/2020 14:40,5/6/2020
722511805,KENNO,FRI KENNO,2,100,5/6/2020 14:41,5/6/2020
721524381,KENNO,FRI KENNO,1,50,5/6/2020 15:00,5/6/2020
723713783,Lucky 3,Lucky3 Evening,1,50,5/6/2020 15:01,5/6/2020
721415996,KENNO,FRI KENNO,1,50,5/6/2020 15:03,5/6/2020
721524381,KENNO,FRI KENNO,1,50,5/6/2020 15:05,5/6/2020
723084907,KENNO,FRI KENNO,2,100,5/6/2020 15:05,5/6/2020
722513834,KENNO,FRI KENNO,1,50,5/6/2020 15:10,5/6/2020
721744473,KENNO,FRI KENNO,2,100,5/6/2020 15:14,5/6/2020
720464768,KENNO,FRI KENNO,2,100,5/6/2020 15:16,5/6/2020
722466554,KENNO,FRI KENNO,1,50,5/6/2020 15:18,5/6/2020
714993080,Lucky 3,Lucky3 Evening,1,50,5/6/2020 15:18,5/6/2020
721354985,KENNO,FRI KENNO,1,50,5/6/2020 15:19,5/6/2020
721258912,KENNO,FRI KENNO,7,350,5/6/2020 15:23,5/6/2020
722723106,KENNO,FRI KENNO,1,50,5/6/2020 15:23,5/6/2020
722770082,Lucky 3,Lucky3 Evening,1,50,5/6/2020 15:25,5/6/2020
791249434,Lucky 3,Lucky3 Evening,1,50,5/6/2020 15:27,5/6/2020
721524381,KENNO,FRI KENNO,1,50,5/6/2020 15:27,5/6/2020
720464768,Lucky 3,Lucky3 Evening,1,100,5/6/2020 15:28,5/6/2020
722723106,KENNO,FRI KENNO,1,50,5/6/2020 15:29,5/6/2020
720774177,KENNO,FRI KENNO,1,50,5/6/2020 15:30,5/6/2020
725562430,KENNO,FRI KENNO,1,50,5/6/2020 15:30,5/6/2020
720774177,KENNO,FRI KENNO,1,50,5/6/2020 15:31,5/6/2020
722723106,KENNO,FRI KENNO,3,150,5/6/2020 15:31,5/6/2020
723713783,Lucky 3,Lucky3 Evening,1,50,5/6/2020 15:33,5/6/2020
721524381,KENNO,FRI KENNO,1,50,5/6/2020 15:34,5/6/2020
720860893,KENNO,FRI KENNO,1,50,5/6/2020 15:34,5/6/2020
721488672,Lucky 3,Lucky3 Evening,1,130,5/6/2020 15:35,5/6/2020
722723106,KENNO,FRI KENNO,3,150,5/6/2020 15:35,5/6/2020
721488672,Lucky 3,Lucky3 Evening,1,150,5/6/2020 15:36,5/6/2020
721488672,Lucky 3,Lucky3 Evening,1,260,5/6/2020 15:37,5/6/2020
720464768,Lucky 3,Lucky3 Evening,1,50,5/6/2020 15:39,5/6/2020
722723106,KENNO,FRI KENNO,2,100,5/6/2020 15:39,5/6/2020
702618605,Lucky 3,Lucky3 Evening,1,50,5/6/2020 15:41,5/6/2020
728273463,KENNO,FRI KENNO,1,50,5/6/2020 15:43,5/6/2020
746518329,KENNO,FRI KENNO,1,50,5/6/2020 15:45,5/6/2020
722585226,KENNO,FRI KENNO,3,150,5/6/2020 15:46,5/6/2020
722585226,Lucky 3,Lucky3 Evening,1,150,5/6/2020 15:48,5/6/2020
